"Centros Rin Dodge 63mm Ext X 58 Mm Int. Precio Unitario Au1","Accesorios para Vehículos","175","12/21/07","16:25:25","0"
"Set Con 4 Tapones Antirrobo P/valvula De Aire Bmw","Accesorios para Vehículos","140","07/24/00","18:52:09","0"
"Alfombra Atlantic Caribe Vw Moldeada A La Medida","Accesorios para Vehículos","699","09/11/04","18:11:46","1"
"Holder Universal Para Tablet Gps Tv Dvd De 7 A 14 Pulgadas","Accesorios para Vehículos","159","03/31/13","09:36:23","1"
"Balaclava 4 En 1 Termica Tipo Tactica","Accesorios para Vehículos","99.99","01/28/08","09:52:17","1"
"Compresor De Aire Acondicionado Ford De Clima Automotriz A/c","Accesorios para Vehículos","1350","11/28/12","09:02:10","1"
"Buscador De Llaves Mediante Luz Y Sonido. Llavero","Accesorios para Vehículos","78","05/19/09","14:10:55","1"
"Sellador Faros: Oci Butyl Rubber Glue Rollo / Morimoto Pssal","Accesorios para Vehículos","349","02/19/01","01:45:34","1"
"Defensa Delantera Vw Sedan Vocho Cromada Calibre 18","Accesorios para Vehículos","240","10/11/05","05:07:15","1"
"Adaptador Nissan 14 A 16  Entra En Tsuru Desde 2004 Al 2013","Accesorios para Vehículos","285","11/27/00","14:54:49","0"
"Vinil Fibra De Carbono 3d Sin Burbujas 1.52m X 1m + Regalos!","Accesorios para Vehículos","159","01/26/11","20:49:56","0"
"Parrilla Altima 93-94 + Regalo","Accesorios para Vehículos","150","12/10/14","00:21:59","1"
"Faro Barra Led 180w 85cm Para Jeep 4x4 Atv Utv Awd Rzr Canam","Accesorios para Vehículos","2599","12/09/03","17:40:03","1"
"Par Foco Bulbo Led Osram 80w 1156 1157 3156 3157","Accesorios para Vehículos","520","10/15/01","20:53:34","1"
"Polveras Nissan Sentra 2007","Accesorios para Vehículos","300","06/22/13","17:39:47","0"
"Cadillac Cts - Flecha Cardan Cople (uno) - Nuevo","Accesorios para Vehículos","1800","09/13/07","07:04:24","1"
"Cantoneras Chevrolet Colorado, Gmc Canyon (04-12)","Accesorios para Vehículos","500","07/26/04","10:29:45","0"
"Camara Reversa Porta Placas Con Vision Nocturna A Color Eex","Accesorios para Vehículos","399.99","03/12/13","03:39:14","0"
"Kit Imprimible De Ropa Para Perros Patrones Y Moldes Negocio","Animales y Mascotas","99","06/15/06","13:43:44","0"
"Batería De 5 Jaulas Para Codorniz","Animales y Mascotas","3360","07/12/07","08:00:42","1"
"Cachorros Labrador Retriever","Animales y Mascotas","1400","06/11/13","17:30:33","1"
"Jaula Transportadora Kennel C/llantas Y Rejilla Sanit. Grand","Animales y Mascotas","1399","09/15/06","14:15:57","1"
"Chihuahuas Super Calidad Vip","Animales y Mascotas","2500","03/10/09","06:32:13","1"
"Jaula Transportadora Para Tu Mascota D.f Y Republica Mexican","Animales y Mascotas","168","07/26/08","03:49:20","0"
"Posicionador Para Mascotas O Base De Exploracion","Animales y Mascotas","766","10/07/14","15:53:23","1"
"Filtro Cabeza De Poder Sunny Spf-1200","Animales y Mascotas","300","04/28/11","07:11:55","0"
"Protectores Para Uñas De Gatos Y Perros Colores De Moda","Animales y Mascotas","99","03/19/15","07:10:00","0"
"Bonsáis Flor-arbol, 60 Semillitas, Instructivo, Envío Gratis","Animales y Mascotas","150","05/19/11","12:43:27","1"
"Impresionantes Cachorros Labrador","Animales y Mascotas","2500","07/13/09","22:53:58","1"
"Cachorros Beagle Hijos Campeon Microchip Tatuaje Y Certi Op4","Animales y Mascotas","6800","02/07/03","04:04:42","1"
"Red De Niebla De 6m, Para La Captura De Aves Y Murcielagos","Animales y Mascotas","330","11/19/14","21:55:15","1"
"Trampa Jaula Para Gatos Y Animales Gatonera","Animales y Mascotas","799","09/20/02","01:19:24","0"
"Weimaraner Garantizados 100%","Animales y Mascotas","3000","03/09/15","02:20:02","0"
"Heno De Pasto Chinchillas Cuyos Jerbos Conejos Hamsters Ndd","Animales y Mascotas","83.99","08/19/13","22:59:08","1"
"100 Capsulas O Esferas De 2 Pulgadas  Huevo De Pascua","Arte y Antigüedades","116","04/12/05","19:01:46","0"
"Super Sculpey Firm Hecho En Usa Excelente!!!","Arte y Antigüedades","229","07/24/04","08:47:23","0"
"Cantimplora Organica De Bule Para Agua Tequila O Liquidos","Arte y Antigüedades","190","10/28/00","21:09:21","0"
"Maletas Antiguas Petacas Belizes (vintage Retro Antiguo)","Arte y Antigüedades","380","02/16/13","08:22:25","0"
"Molino De Cafe Tipo Antiguo De Madera Funcional Chico","Arte y Antigüedades","189","10/10/04","11:02:30","0"
"Dia Del Padre - El Mejor Regalo: Escudos De Apellidos","Arte y Antigüedades","200","07/06/07","05:47:39","1"
"Circulo Cromatico Los Colores Exactos","Arte y Antigüedades","220","01/19/02","10:56:56","0"
"Sombrero Vueltiao 15","Arte y Antigüedades","500","03/25/03","05:49:07","1"
"Arcilla Polimérica Sculpey Original 1.75 Lb.","Arte y Antigüedades","210","05/11/07","17:33:58","0"
"Sombrero Vueltiao Colombiano Con Remate Posterior Daa","Arte y Antigüedades","380","06/24/14","00:11:19","0"
"Cruces De Herreria Para Panteon Artesanal","Arte y Antigüedades","180","07/22/06","19:28:38","1"
"Lampara De Petroleo, Emergencia, Decorativa - Envío Gratis","Arte y Antigüedades","199","11/13/11","12:11:00","0"
"Replica Torre Eiffel Metal 40cm Decoración Adorno Regalo","Arte y Antigüedades","349.99","05/20/04","15:52:44","1"
"Plastilina Profesional Para Escultor  4kg","Arte y Antigüedades","250","12/28/11","04:02:39","1"
"Fular/rebozo/cargador Para Bebé Dulce Arullo","Bebés","230","05/21/05","01:47:40","1"
"Ropa Bebé Carter´s Importada De Eua Niña","Bebés","269","02/18/09","09:27:08","0"
"Avent Kit De Esterilizador De Biberones Con Accesorios","Bebés","1170","06/24/13","18:07:12","0"
"Rebozo Materno100% Algodon Con Argollas Metalicas $180 C/u","Bebés","180","06/20/06","16:49:22","0"
"Tetinas Flujo Medio, Alto Y Variable Tommee Tippee (con 2)","Bebés","195","01/02/12","06:08:49","0"
"Biberones Esterilizador Calentador  Extractor Electricos Rym","Bebés","2999","09/07/02","00:52:17","1"
"Colchón Antireflujo Con Accesorios Para Bebé, Reflujo Cuña","Bebés","665","08/05/00","19:17:21","1"
"Gorro De Aviador Térmico Para Niñ@s Película Up","Bebés","90","03/20/12","01:22:28","0"
"Oferta Corralito Cuna Viajera 4moms Breeze Envio Gratis","Bebés","4499","03/28/12","21:12:43","1"
"B4001 Mameluco Para Bebé Estampado De Smoking Tuxedo Negro","Bebés","169","02/20/09","03:13:52","0"
"Extractor De Leche Nuevo Electrico Evenflo  Buen Fin","Bebés","998","03/30/13","18:16:08","1"
"Fisher Price Movil Para Piso Y Cuna 2014","Bebés","750","06/30/01","06:17:53","1"
"Tenis De Fútbol De Bebe Con Escudos Bordados","Bebés","120","07/17/01","07:43:28","0"
"Mochilas Animalitos Para El Kinder Niño Niña ","Bebés","199","09/29/09","01:23:10","1"
"Aspirador Nasal Graco 12 Melodias Nuevo, 4 Puntillas Gratis","Bebés","549","03/07/11","19:26:02","0"
"Carreola Con Portabebe Graco Bebe Fastaction Connect Nyssa","Bebés","4699","07/11/05","05:26:08","1"
"Rebozo Fular, Bolsa Y Clase Personal Entrego Portales Zapata","Bebés","200","08/18/06","07:37:50","1"
"Funda Bumper Love Mei Aluminio Sony Xperia Z1 L39h Micas Rm4","Celulares y Telefonía","245","11/22/13","03:10:36","0"
"Funda Triple Uso Rudo Con Clip Samsung Galaxy A5 A500 Roja","Celulares y Telefonía","300","11/25/06","10:14:09","1"
"Touch Screen Samsung I9060","Celulares y Telefonía","280","07/01/02","04:09:28","0"
"Dock De Carga Para Galaxy Xperia Blackberry Htc Lg Samsung","Celulares y Telefonía","129","06/04/01","17:35:41","1"
"Pila Bateria Samsung Galaxy S3 Mini I8190 La Mejor Nueva","Celulares y Telefonía","88","12/31/13","18:58:52","1"
"Memoria Micro Sd 64 Gb Clase 10 Para Camaras Celulares","Celulares y Telefonía","230","04/22/11","15:09:39","1"
"Pantalla Display Touch Alcatel Idol Mini 6012 Original Nueva","Celulares y Telefonía","780","05/06/05","15:10:14","1"
"Funda Love Mei Powerful Extrema Protección Samsung Note Edge","Celulares y Telefonía","699","07/26/00","05:24:10","0"
"Celulares Hiphone 6g Quad Core Camara 13 Mpx 3g 1 Gb En Ram","Celulares y Telefonía","1999","04/08/08","06:32:59","0"
"Bumper Blade Original De Aluminio Rudo Iphone 4/4s + Regalos","Celulares y Telefonía","129.99","12/02/04","11:37:48","1"
"Funda Case Aluminio Iphone 4/4s Vv4","Celulares y Telefonía","199","02/04/06","17:33:29","1"
"Cable Usb Lightning Uso Rudo 2 Metros Iphone 5 Y 6 Griffin","Celulares y Telefonía","145","10/06/12","01:12:00","1"
"Funda Contra Agua Sumergible Hasta 6 Mts Samsung Galaxy S5","Celulares y Telefonía","450","04/26/02","02:58:02","1"
"Celular Goophone I6 Hiphone 6 Quad Core 13mp 1gb Ram 3g 1a1","Celulares y Telefonía","1999","11/21/03","07:18:19","0"
"Pila Bateria Samsung Galaxy S3 Mini I8190 Dura+ Super Ofeta¡","Celulares y Telefonía","105","07/19/11","11:35:18","1"
"Cristal Frontal Galaxy Note 4 N910 Gorilla Glass Pantalla","Celulares y Telefonía","187","10/02/07","04:04:36","0"
"Lg G2 Mini D625 13 Mpx 4g Lte","Celulares y Telefonía","3999","12/17/04","10:42:59","1"
"Celular Sony Xperia M2 Dual 3g 8mpx 8gigas Quad Core Libre","Celulares y Telefonía","3149","12/17/01","16:30:55","0"
"Poster De Saint Seiya","Coleccionables","150","09/22/12","23:25:12","0"
"M6061if Palestina Shemag Turbante Militar Tactico Inferno","Coleccionables","139","09/16/12","17:52:58","0"
"Cigarrera Elegante Con Encendedor","Coleccionables","190","09/15/09","14:54:39","0"
"Replica Escudo Capitan America Collar","Coleccionables","165","11/09/03","20:23:03","0"
"Mini Drone Quadcoptero Control Remoto Camara Video Y Fotos","Coleccionables","879","08/15/11","06:02:36","1"
"30 Monedas De Plata 1950-51-52-53","Coleccionables","400","03/01/13","16:19:12","1"
"Trairler Kenworht T700 Castores Esc. 1:68","Coleccionables","200","12/11/07","21:48:12","1"
"Kit Zippo ***","Coleccionables","85","10/28/12","02:03:48","1"
"Michael Jackson Military , Funko Pop Rock","Coleccionables","1599","02/07/15","03:44:31","1"
"Figuras Dragon Ball Z","Coleccionables","260","11/10/04","03:14:32","0"
"Cuadricoptero Syma X5c-1 Drone Camara Video Hd 360° Giro","Coleccionables","1999","05/27/04","16:00:27","0"
"Peluche Korilakkuma Rilakkuma San-x Oso Kiiroitori Nuevos","Coleccionables","220","06/01/12","14:47:02","1"
"Encendedor Tipo Zippo Con Personalizado Incluido Negro O Cro","Coleccionables","120","03/22/09","16:03:24","0"
"Navaja Magnum Sniper","Coleccionables","279","04/10/02","02:12:13","0"
"Mouse Pad Anime Totoro Peluche Kawaii Japon Ghibli","Coleccionables","160","09/03/11","01:11:21","1"
"Set De 7 Esferas Del Dragon 4cm Excelente Regalo!","Coleccionables","299.99","10/04/03","12:01:49","0"
"Cigarrera Automática Con Encendedor Recargable","Coleccionables","200","04/26/15","22:44:15","1"
"Access Point 2wire 2701hg-t Con Eliminador Y Cable Rj45","Computación","130","04/06/12","11:51:41","1"
"Teclado Acer Aspire 5738z 5338 5742 5250 5733 7750 Ngo Sp","Computación","299","12/07/05","16:21:22","1"
"Adaptador Cargador Hp Dv4-1423la Dv4-1412 Dv4-1523 Dv4-2014l","Computación","145","10/24/09","11:56:33","0"
"Disco Duro Externo Usb 3.0 Hd710 1tb Resistente Contra Golpe","Computación","1094.99","02/10/14","15:55:09","0"
"Mayoreo Figuras De Caricatura De 8gb  Mas De 500 Personajes","Computación","99.99","03/24/05","10:05:01","1"
"Cable Adaptador Convertidor Usb Sata Ide Disco Duro Cd 2.5","Computación","87.98","12/24/09","19:01:52","1"
"Cargador Original Dell Pa10 19.5v 4.62a Inspiron 6400 1525","Computación","199","03/26/04","21:51:13","1"
"Base Enfriadora Cooler P/laptop Con 2 Ventiladores","Computación","99","05/22/03","23:00:52","1"
"Funda Con Teclado Qwerty Para Tablet 10.1 Compatible Sep Mx","Computación","119.99","04/02/06","01:26:35","1"
"Estuche Funda Para Ipad Personalizada Con Tu Diseño! Maa","Computación","105","02/06/01","02:31:31","1"
"Tarjeta Capturadora Video Y Audio Usb 2.0 S-video Easycap","Computación","109","10/23/10","07:04:23","0"
"Winx Dvd To Ipad Ripper  Tus Peliculas Dvd A Tu Ipad Rm4","Computación","159.9","02/27/05","03:50:44","1"
"Acteck Control Arcade Souji-100 Para Ps3, Ps2, Xbox360 Y Pc","Computación","360","08/27/10","04:50:16","0"
"Kit Toner Y Chip Okidata B410 420 430 440 460 470 480 B410d","Computación","99","01/05/15","09:41:32","1"
"Kaspersky Internet Security 2015 1 Pc 1 Año Original","Computación","80","08/04/07","23:15:38","1"
"Disco Duro Portátil 1tb Usb Hd710 Adata Contra Agua #y Ldd","Computación","1099","06/23/12","23:32:35","1"
"Audífonos Y Micrófono Ps Vita ..::original Sony::..","Consolas y Videojuegos","300","06/10/07","02:33:21","0"
"Control Inalambrico Para Xbox One Microsoft Original Nuevo","Consolas y Videojuegos","539","12/12/07","13:16:50","0"
"Resident Evil 6 Para Playstation 3 Con Online Pass","Consolas y Videojuegos","100","11/18/07","02:48:23","0"
"Halo Master Chief Descargable De Promocion!! Envio Inmediato","Consolas y Videojuegos","399.99","11/08/01","17:36:07","1"
"Call Of Duty Black Ops & Black Ops Ii  Ps3 Oferta**","Consolas y Videojuegos","249","01/27/10","19:28:24","1"
"Batería Pila Recargable Para Psp Fat O Slim 3.6v 3600 Mah","Consolas y Videojuegos","99.99","08/27/06","08:58:02","1"
"Mayoreo Kit Carga Y Juega Generico Para Xbox 360 De4800 Mah","Consolas y Videojuegos","480","09/18/03","02:42:23","0"
"Resident Evil 6 Ps3 - Juegos De La Ps Store","Consolas y Videojuegos","100","10/03/09","17:33:37","0"
"Tx Corona 4gb Nand Rw Kit!!","Consolas y Videojuegos","170","02/19/15","02:48:21","1"
"The Witcher 3 Wild Hunt Para Playstation 4 En Start Games","Consolas y Videojuegos","899","08/09/14","10:45:11","1"
"Control Compatible Inalambrico Dualshock Sixasis Ps3","Consolas y Videojuegos","184.99","11/26/12","06:04:59","1"
"En Monterrey Power Saves Nintendo 3ds Pokemon X Y Rubí Zafi","Consolas y Videojuegos","428","01/30/07","11:38:06","0"
"Codigo Beta Call Of Duty Black Ops 3 Xbox Ps4 Pc + Regalo","Consolas y Videojuegos","89","11/18/12","15:33:07","0"
"Control Original Xbox 360 Inalambrico Tipo Scuf Gaming Scuff","Consolas y Videojuegos","1799","02/14/07","06:40:56","0"
"Cod Call Of Duty Black Ops Ii 2 Ps3 Solo En Rasec","Consolas y Videojuegos","280","07/16/13","11:07:08","1"
"°° Assassin's Creed: Brotherhood Para Xbox 360 °° En Bnkshop","Consolas y Videojuegos","350","10/17/08","07:04:51","0"
"Naruto Storm Revolution + Regalo En Rockgames !!!","Consolas y Videojuegos","260","06/10/12","00:49:26","0"
"Bateria Li-ion Np-fw50 Camara Sony Alpha Nex C3 Nex-c3 Nex7","Cámaras y Accesorios","280","01/05/05","19:46:11","1"
"Camara Deportiva Sumergible Tipo Gopro Moto Casco Actuatica","Cámaras y Accesorios","795","12/23/06","06:47:16","1"
"Lampara Yongnuo 160 Led Nueva Version 2 Yn160 Ii","Cámaras y Accesorios","999.99","01/31/09","13:10:21","1"
"Dvr Cámara Espía En Forma De Usb Fotos Video Audio 32 Gb","Cámaras y Accesorios","197","11/14/09","19:20:12","0"
"Baston Retractil Gopro Accesorios Monopod","Cámaras y Accesorios","799","05/11/09","12:04:36","1"
"Nikon Cargador Mh-61","Cámaras y Accesorios","429","11/01/14","21:07:10","1"
"Gopro Wrist Muñeca 360° Adaptador Monopod Go Pro Accesorio","Cámaras y Accesorios","249","02/22/02","23:17:59","0"
"Bateria Pila Sony Np-f970 F930 F950 F960 F330 F550 F750 Hwo","Cámaras y Accesorios","649","10/22/07","18:11:02","1"
"Base Adaptador Flash Zapata A Tripie Rosca 1/4 -20","Cámaras y Accesorios","111","05/18/07","00:26:11","1"
"Selfie Stick Monopie Iphone Samsung Sony Motorola","Cámaras y Accesorios","149","01/26/10","17:59:57","0"
"Camara Digital Contra Agua Xp70 Fujifilm 16mp Zoom 5x","Cámaras y Accesorios","2090","09/17/11","16:21:24","1"
"Go Pro Sjcam Sj4000 - Kit Accesorios Completo Buena Calidad","Cámaras y Accesorios","1349","12/03/00","12:07:53","0"
"Camara Sumergible Sj4000 Full Hd Casco Moto12mp Tipo Gopro","Cámaras y Accesorios","1299","02/04/04","02:31:23","0"
"Camara Sj4000 Sumergible 30m 12mp Envio Gratis Full Hd","Cámaras y Accesorios","1199","04/23/08","07:42:25","1"
"Ituxs | Camara Nikon D3300 + Lente 18-55mm Vr | Envio Gratis","Cámaras y Accesorios","7779","10/03/01","08:06:42","0"
"Lampara Para Video Profesional 8 Leds Alta Potencia En Kit","Cámaras y Accesorios","1599","12/22/08","10:29:01","0"
"Oferta De Tobillera Con Vendas Super Ajustables Marca Nike","Deportes y Fitness ","299","12/24/07","18:08:51","0"
"Reloj Deportivo Mide El Ritmo Cardiaco Y Calorías Quemadas","Deportes y Fitness ","249","06/12/13","18:47:16","1"
"Uniformes De Basquet Personalizados!!!!","Deportes y Fitness ","144.9","04/23/13","00:20:10","0"
"Playera Jersey Nike Pachuca Casa 14/15 S/n°","Deportes y Fitness ","1199","03/30/01","20:32:51","0"
"Cuchillo Smith & Wesson Swhrtt2 Tactical","Deportes y Fitness ","149.99","12/03/08","12:45:47","0"
"Jersey Real Madrid Dama Local Y Visita 2014-2015","Deportes y Fitness ","500","10/20/03","03:58:51","0"
"Cargador Usb Para Fitbit Flex","Deportes y Fitness ","225","06/26/14","15:24:18","0"
"Tremendo Jersey America Retro Adidas 80s Reedición","Deportes y Fitness ","499","03/27/11","08:12:48","0"
"Especial Navaja Climber 14 Funciones Funda Gratis Victorinox","Deportes y Fitness ","607","12/25/10","00:09:48","0"
"Uniformes De Futbol Calidad Premium Modelos 2015","Deportes y Fitness ","178","07/04/09","12:40:28","0"
"Chamarra Adidas De Chivas De Guadalajara Dama O  Mujer","Deportes y Fitness ","489","07/09/12","16:16:23","1"
"Swiss Card Victorinox Con Luz Led Tipo Tarjeta De Cred Op4","Deportes y Fitness ","595","07/07/06","17:09:44","1"
"Bascula De Baño Cristal Templado Digital Presicion Fitness","Deportes y Fitness ","159","10/04/13","20:32:46","1"
"Kit Lastrado Chaleco 10 Kg Polaina 3 Kg Guanteleta 3 Kg, Eje","Deportes y Fitness ","900","12/17/05","01:49:01","0"
"Kit Universal Limpiar Armas Rifle Pistola Escopeta Aire Estu","Deportes y Fitness ","670","05/09/03","17:30:27","1"
"Odometro Velocimetro Para Bicicleta Pantalla Lcd","Deportes y Fitness ","128","05/07/08","02:10:33","1"
"Playera Tipo Baseball 3/4 Negro Con Blanco Latin Sport","Deportes y Fitness ","90","09/26/12","06:18:03","1"
"Adaptador Convertidor De Rca A Hdmi - Audio Y Video","Electrónica, Audio y Video","449.99","11/14/05","18:38:13","0"
"Mini Proyector Led 130 Lumen 100´´ Con Tv Meses Sin Interese","Electrónica, Audio y Video","1249","12/23/12","17:42:16","0"
"Set 2 Microfonos Inalambricos Con Receptor Uhf","Electrónica, Audio y Video","1450","05/28/00","03:35:02","1"
"Bafle Bocina 4000w Recargable 12 Amplificado Usb Bluetooth","Electrónica, Audio y Video","2899","01/06/07","11:37:51","1"
"Taser Stun Gun Paralizador Inmovilizador A Distancia","Electrónica, Audio y Video","1199","06/12/05","00:52:14","0"
"Microfono Espia Usb Grabadora 8gb Se Activa Al Detectar Voz","Electrónica, Audio y Video","275","11/14/05","16:36:30","0"
"Tarjeta Arduino Uno R3  Microcontrolador Atmega3 Con Cable","Electrónica, Audio y Video","190","02/07/04","20:33:59","1"
"Nueva Camara Ip Plug&play Dvr Integrado Wifi Vision Nocturna","Electrónica, Audio y Video","1190","02/18/09","16:30:32","1"
"Receptor De (audio) Música Mediante Bluetooth A Auxiliar","Electrónica, Audio y Video","145","09/17/12","15:52:31","1"
"Gps Tracker Tk103, Excelente Precio, Fotos Reales","Electrónica, Audio y Video","900","11/23/06","17:54:32","1"
"Mini Camara Video Dv Espia Control Alarma Hd Max 8gb !!!!!!!","Electrónica, Audio y Video","199.99","07/21/04","19:29:39","1"
"Stun Gun Paralizador Vipertek Originales ! Al Mejor Precio !","Electrónica, Audio y Video","159","11/24/05","17:20:17","1"
"Ecualizador Behringer Fbq1502 Estereo De 15 Bandas Por Canal","Electrónica, Audio y Video","1899","01/06/05","18:38:17","0"
"Apuntador Laser Verde 1000 Mw Recargable Prende Cerillos Vv4","Electrónica, Audio y Video","300","04/12/02","01:58:34","1"
"Mp4 4ta Generación Fm Expandible Sd Recargable","Electrónica, Audio y Video","199","04/09/13","08:52:48","0"
"Audifonos Premium Jbl By Harman J33a S4 S5 Android $699","Electrónica, Audio y Video","699","12/28/11","07:52:54","0"
"Cable De Fibra Optica 3 Metros Audio Digital Toslink","Electrónica, Audio y Video","140","11/11/02","08:05:48","0"
"Kit Videovigilancia 4 Camaras Ir Dvr Cables X Internet Cctv","Electrónica, Audio y Video","3150","08/06/11","03:12:55","0"
"Convertidor Smart Tv Kit Android Solo Con Hdmi Nuevo","Electrónica, Audio y Video","750","05/16/06","04:46:56","1"
"Luminario Lampara De Emergencia Automatico","Hogar y Electrodomésticos","458","05/21/05","00:51:26","0"
"Lampara Manos Libres Con Led Tipo Minero Para Cabeza Bateria","Hogar y Electrodomésticos","86.9","04/05/01","13:26:58","1"
"Caja Mason Jars 16 Oz Con Popote Que Cambia De Color A 295!!","Hogar y Electrodomésticos","335","11/19/03","03:49:06","0"
"Parrilla De Induccion Magnetica De Un Quemador","Hogar y Electrodomésticos","1199","02/07/01","14:59:06","0"
"Repelente Profesional Ahuyentador De Plagas Roedores Ratas","Hogar y Electrodomésticos","175","03/20/03","18:53:34","0"
"Protector De Colchon Impermeable Individual","Hogar y Electrodomésticos","380","09/17/03","09:10:34","0"
"Parrilla Inducción Magnética Cristal 2 Zona 12 Meses Sin Int","Hogar y Electrodomésticos","2299","03/22/13","17:00:07","0"
"Lombriz Roja Californiana,400 Lombrices ,manuales Y Asesoría","Hogar y Electrodomésticos","100","08/07/05","13:19:42","0"
"H1176 Mason Jar Marca Ball De 16 Oz Caja De 12 Piezas","Hogar y Electrodomésticos","299","11/20/10","15:38:01","0"
"Cocina Integral.","Hogar y Electrodomésticos","200","12/19/12","07:43:38","0"
"Pelador De Naranjas Manzanas Mangos Corte Graduable Prensa","Hogar y Electrodomésticos","320","07/21/04","12:35:13","0"
"Ahorrador De Electricidad, Luz Energía, Ahorra Hasta Un 40%!","Hogar y Electrodomésticos","99","06/11/14","08:20:52","1"
"Lampara Led Reflector Led 10w Rgb Con Control X 5 Promoción","Hogar y Electrodomésticos","1099","10/11/14","11:20:41","1"
"Piso Laminado Tekno Step ¡¡oferta (6 Mm)!!","Hogar y Electrodomésticos","104","02/05/02","20:33:08","0"
"Almohada Ads Armony Standar Viscoelastica Memory Foam","Hogar y Electrodomésticos","377","11/20/07","00:37:11","1"
"Termometro Aceite Freidora Sarten Caramelo Dulce Thcf-120","Hogar y Electrodomésticos","246","02/06/05","20:56:13","1"
"Follaje Plantas Muro Verde Enredadera Artificial / Sintetico","Hogar y Electrodomésticos","150","07/11/10","04:49:59","1"
"Sábana De Franela,100% Algodon","Hogar y Electrodomésticos","210","06/02/04","10:02:20","1"
"Control Remoto Universal Minisplit Hm4","Hogar y Electrodomésticos","164","11/06/09","19:15:51","1"
"Escalera De Aluminio Articulada Plegable Multiladder 3,70mts","Hogar y Electrodomésticos","1299","06/24/04","01:13:17","0"
"Barra Magnetica Portacuchillos Para Pared","Industrias y Oficinas","99","04/17/13","11:32:24","1"
"Guia Estafeta Electronica Dia Siguiente 5 Kg","Industrias y Oficinas","260","05/28/00","17:38:36","1"
"Maquina Para Churros Rellenos / Tradicionales Envio Express","Industrias y Oficinas","4499","12/14/04","01:04:25","0"
"Motoreductor 3 Hp 10:1 Nuevo","Industrias y Oficinas","4800","06/07/11","12:29:01","0"
"Guia Electronica Estafeta Terrestre, Digital Envío Gratis","Industrias y Oficinas","114","09/07/06","06:55:37","0"
"Pulpo De 4 Tintas 1 Estacion Portatil Serigrafia Tela Papel","Industrias y Oficinas","1499.99","05/22/05","06:32:49","1"
"Rollos De Vinil Reflejante Textil Plata","Industrias y Oficinas","4000","03/13/04","14:09:05","1"
"Maquina Para Tortilla De Harina Ispasa","Industrias y Oficinas","649","04/14/05","19:14:05","1"
"Bascula Digital Recargable Pesa Hasta 40 Kg Función Tara","Industrias y Oficinas","749","02/13/11","09:24:18","1"
"Dispensador De Bebidas 3 Botellas Oggi 's Professional","Industrias y Oficinas","1099","10/04/08","19:30:07","0"
"Guias Digitales Prepagadas Estafeta 1-3 Dias Terrestres","Industrias y Oficinas","111.99","05/03/09","06:23:54","1"
"Maquina Para Hacer Espiropapas Rallar Papas Dili Tools","Industrias y Oficinas","689","10/18/10","17:38:22","0"
"Bascula Digital De 100 Kg Rhino- Plataforma- Envio Gratis","Industrias y Oficinas","2800","12/23/13","17:03:51","1"
"Filtro Electronico Para Careta De Soldar Panorámica","Industrias y Oficinas","428","08/10/11","07:17:09","0"
"Juego De Exactos-cortadores De Precisión, Estuche De 13 Pzs","Industrias y Oficinas","84","04/12/02","08:34:51","0"
"Peladora De Aislamiento En Cables Xlp Ws-5, Usada","Industrias y Oficinas","1694.44","06/23/10","02:20:11","1"
"Guias Electronicas Prepagadas Estafeta 1-3 Dias Terrestres","Industrias y Oficinas","109","03/19/05","08:07:31","1"
"Hm4 Armonica Hohner Silver Star Do (c) Entrega Inmediata!","Instrumentos Musicales","199","03/30/06","22:28:17","0"
"Violines 4/4. Nuevos. Excelente Construcción. Super Precio.","Instrumentos Musicales","1099","10/18/00","16:50:25","1"
"Microfono Blue Yeti Usb Calidad Estudio Grabacion","Instrumentos Musicales","2450","06/06/11","23:43:43","1"
"Samson Hp-10 Audifonos Profesionales Estudio - En Existencia","Instrumentos Musicales","290","01/25/13","15:19:18","1"
"Paquete De Guitarra American Eagle Completo Nuevo Op4","Instrumentos Musicales","1750","03/17/09","23:35:32","0"
"Correas De Hombro Shoulder Straps Para Acordeon","Instrumentos Musicales","620","10/21/07","11:53:13","0"
"Base, Soporte Ajustable Para Guitarra Mod. 043-100","Instrumentos Musicales","150","07/29/10","22:59:21","0"
"Pedales Joyo Nuevos, Con Garantía De Tienda.","Instrumentos Musicales","600","01/12/07","03:25:16","1"
"Funda Para Sax Tenor Marca Hangs, Acojinada, Reforzada.maa","Instrumentos Musicales","280","04/03/07","19:42:47","0"
"Fundas Para Bateria Mas De $500 En Regalos Somos Fabricantes","Instrumentos Musicales","1300","09/18/14","01:10:11","0"
"Plumillas Picks Puas Guitarra O Bajo 10 X $105 Personalizada","Instrumentos Musicales","105","10/10/06","01:04:56","1"
"Ocarina Del Tiempo De Zelda 12 Hoyos Chécala Suena Genial!!","Instrumentos Musicales","490","02/14/05","08:48:41","0"
"Amplitube Irig Adaptador Para Tu Ipod Touch / Iphone / Ipad!","Instrumentos Musicales","83.99","05/18/02","17:35:44","1"
"Guitarra Rockera O Diseño Todo Incluido Curso En Dvd","Instrumentos Musicales","650","07/12/01","17:24:20","1"
"Bateria Musical Flexible Para Computadora Usb 3020","Instrumentos Musicales","299","09/25/09","02:18:45","1"
"Convertidor De Floppy Disk A Usb, Emulador Yamaha, Korg Etc","Instrumentos Musicales","698","10/11/00","09:29:12","0"
"Cable Convertidor Usb A Midi Conecta Tu Teclado A  Pc O Mac","Instrumentos Musicales","85","05/16/15","08:28:36","1"
"Aloha Ukulele Soprano Acústico Con Funda","Instrumentos Musicales","1369","05/02/15","09:55:08","0"
"Sofisticado Anillo De Compromiso Oro Blanco 10k Envio Gratis","Joyas y Relojes","2100","03/28/05","06:31:15","0"
"Ituxs Reloj Michael Kors Mk8317 Hombre | Envio Gratis","Joyas y Relojes","2985","05/08/14","19:27:56","1"
"Anillos De Compromiso De Plata Ley .925 Y Zirconia Cubica","Joyas y Relojes","550","05/12/09","03:40:59","0"
"Pulsera Castellamare Acero Inoxidable | Pulsera Marina","Joyas y Relojes","545","11/22/13","16:39:10","0"
"Joyeria  Importada De Japon  2014  Catalogos","Joyas y Relojes","85","12/23/09","07:18:49","1"
"Hermosos Aretes De Moda Tipo Doble Perla Mayoreo","Joyas y Relojes","140","05/04/04","23:39:33","0"
"M9023 Reloj Collar De Bolsillo Los Juegos Del Hambre Sinsajo","Joyas y Relojes","89","10/12/13","07:16:37","0"
"Par De Anillo De Compromiso Y Argolla Oro 14k Y Plata","Joyas y Relojes","449","10/22/07","14:22:02","0"
"Tocky! Reloj Despertador, Rodara Tocando Tu Música Favorita","Joyas y Relojes","1099","12/21/12","17:13:12","0"
"Collar Cruz Toretto Dominic Envio Gratis","Joyas y Relojes","87","10/30/05","13:40:48","1"
"Reloj  Mk. Color Dorado","Joyas y Relojes","350","07/14/00","02:24:35","0"
"Collar Snitch Dorada Harry Potter. Manejamos Mayoreo","Joyas y Relojes","89.99","05/02/01","13:17:49","1"
"Dije Tiffany De Corazón Acero Inoxidable","Joyas y Relojes","699","01/09/15","11:21:14","1"
"Michael Kors Mk5719 Ladies Camille Plateado Hermoso !!!!","Joyas y Relojes","2700","03/28/13","22:08:36","0"
"Reloj Ultrasize Bigcat Unisex Deportivo Moda Big","Joyas y Relojes","149.99","11/02/14","20:48:42","0"
"Perler Art :: Kit Estuche + Beads + Llaveros + Papel","Juegos y Juguetes","289","01/03/12","17:32:10","0"
"Máscara Cabeza Caballo Tipo Harlem Shake Creepy Horse Mask","Juegos y Juguetes","399.99","07/10/01","15:20:02","1"
"Sigoto Neonato Coton Candy, Mandy O Randy Distroller Lo +nvo","Juegos y Juguetes","579","11/01/03","05:31:16","1"
"Casco Gorra Porta Latas Cerveza Refrescos Cervecero Sombrero","Juegos y Juguetes","125","06/09/07","15:29:04","1"
"Alcancia Gato Robamonedas","Juegos y Juguetes","185","02/17/06","17:45:29","0"
"El Mejor Kit Imprimible De Hora De Aventura Jose Luis","Juegos y Juguetes","85","06/18/09","21:01:12","1"
"Peluche Thor Avengers Assemble Marvel - Chico (8 )","Juegos y Juguetes","159","09/01/03","01:05:48","0"
"Control De Velocidad Speed Control 30a 2s 3s 4s Turnigy Esc","Juegos y Juguetes","479","01/20/06","02:44:06","1"
"Disfraz Elsa Y Anna Frozen Fever Edición Disney Store","Juegos y Juguetes","3149","01/07/07","00:24:13","1"
"Bolsas Decorativas Con Vela,lamparas Chinas,luminarias10pzas","Juegos y Juguetes","185","07/18/06","07:58:37","0"
"Oferta De Super Paquete De Estadio + 7 Beyblades Nuevecitos","Juegos y Juguetes","299","07/24/10","22:59:50","0"
"10 Mini Marionetas De Dedo Puppets De Animales","Juegos y Juguetes","200","12/22/13","08:25:17","0"
"10 Vaso Coca Cola Con Luz Led Glow Animacion Cyalume Neon","Juegos y Juguetes","185","09/21/04","00:38:26","0"
"Cubo Dayan 3x3 Rubik De Competencia Alta Velocidad Lubricado","Juegos y Juguetes","249.99","03/13/13","12:23:44","0"
"100 Pulseras Neon Fosforescente Glow Stick Fiestas Eventos","Juegos y Juguetes","85","06/03/13","23:43:10","0"
"Kit De Ligas Para Hacer Pulseras Caja Organizadora 5600 Pz","Juegos y Juguetes","149","10/28/14","20:39:24","1"
"Mini Helicoptero Electrico A Control Remoto Dia De Reyes!","Juegos y Juguetes","299","11/03/09","01:49:07","0"
"Libro:como Abrir Una Paleteria Heladeria Michoacana +videos","Libros, Revistas y Comics","99","12/18/07","09:01:55","1"
"Los 7 Habitos De La Gente Altamente Efectiva, Stephen","Libros, Revistas y Comics","125","07/01/07","12:57:33","0"
"Ocarina De Zelda, Incluye Libro, Cuerda Y Empaque.","Libros, Revistas y Comics","480","12/07/06","10:59:09","1"
"El Libro Troll  ... Ruben Doblas (el Rubius)","Libros, Revistas y Comics","128","06/27/02","13:50:53","0"
"H Potter, J. K. Rowling, La Saga En Ebook","Libros, Revistas y Comics","100","07/31/06","03:45:39","0"
"Pnl Hipnosis Patrones Hipnoticos","Libros, Revistas y Comics","90","08/13/03","03:56:50","0"
"Aprende Inglés Francés Italiano Chino Japones Portugués Ruso","Libros, Revistas y Comics","457","02/17/03","16:16:42","1"
"Embriologia Medica Langman 12a Edicion Esp. T.w Sadler *pdf","Libros, Revistas y Comics","90","02/27/03","08:59:14","1"
"Flores De Bach Tarjetas Guía De Animales.","Libros, Revistas y Comics","270","06/14/08","00:27:29","0"
"Inevitable Desastre Jamie Mcguire Ed Suma De Letras","Libros, Revistas y Comics","209","04/24/14","17:34:52","0"
"Cisco Ccna Routing & Switching 200-120 Official Cert Guide L","Libros, Revistas y Comics","400","02/16/06","04:25:21","1"
"Five Greatest Secrets Of Poker And Life: How To, Victor Boc","Libros, Revistas y Comics","435","10/01/00","05:48:58","1"
"Noc Clasificación De Resultados De Enfermería 2014 !nuevos!","Libros, Revistas y Comics","1490","06/26/09","22:59:01","0"
"Software Mmpi-2 Población Mexicana Resultados Automaticos","Libros, Revistas y Comics","1500","06/13/01","07:10:32","1"
"Wigetta Un Viaje Mágico - Vegetta777 Y Willyrex -","Libros, Revistas y Comics","189.9","02/28/05","07:17:56","1"
"Libro: Recetas Para Pizzas Paso A Paso Para Iniciar Pizzeria","Libros, Revistas y Comics","99","11/29/10","12:49:07","1"
"Libro Volver Con El + Regalos Pdf Recupera Tu Pareja","Libros, Revistas y Comics","80","09/14/06","11:49:57","1"
"Matrices Para Neodata Precios Unitarios","Libros, Revistas y Comics","100","06/13/12","22:17:11","0"
"Musica Infantil Personalizada Para Niños Y Niñas","Música, Películas y Series","180","11/30/13","12:26:13","1"
"Orjan Nilsen-no Saint Out Of Me 1 Cd","Música, Películas y Series","109","05/21/02","13:27:07","0"
"Thalia Amore Mio Cd Deluxe Edicion","Música, Películas y Series","189","03/07/07","05:47:53","1"
"Kiss Sombrillas Love Gun,destroyer Vmj","Música, Películas y Series","450","11/15/07","10:36:22","1"
"Cds Staind-chevelle-skinlab-finger Eleven-otep-twisted Metho","Música, Películas y Series","150","05/11/12","22:00:36","0"
"Cincuenta Sombras De Grey - Bluray Dvd Importado Sin Censura","Música, Películas y Series","550","07/18/00","06:54:27","1"
"Star Wars Episodios 1, 2 , 3 , 4 , 5 , 6 Combo Blu-ray + Dvd","Música, Películas y Series","1999","02/09/05","11:06:56","1"
"El Rey Leon Edicion Diamante Blu Ray","Música, Películas y Series","299","03/29/04","20:43:12","1"
"Lava Vasos, Glass Washer, Barman, Bartender, Bar, Restaurant","Otras Categorías","280","11/25/01","22:49:43","0"
"10 Abanicos De Tela Blancos Para Boda Personalizados","Otras Categorías","130","03/28/02","14:46:36","0"
"Corrida Financiera Para Proyecto Producción De Miel Apicola","Otras Categorías","80","12/24/06","01:45:23","1"
"Silica Gel Con Indicador De Saturacion Azul","Otras Categorías","180","09/04/09","00:35:31","0"
"Mega Pack De Cupcakes Y Wrappers Toppers Recetas","Otras Categorías","99","10/03/05","19:26:39","1"
"10 Mochilitas Dulcero Personalizadas Regalo Fiesta Infantil","Otras Categorías","160","06/25/14","08:58:39","0"
"Juego De 4 Cubos Desarmables","Otras Categorías","390","11/01/08","01:58:28","0"
"Recuerdo Boda Toalla 10 Parejas De Animalitos En Caja","Otras Categorías","350","02/10/12","07:58:46","0"
"Grageas Dulces Tipo Harry Potter Ruleta Retos Bean Boozled","Otras Categorías","145","08/28/05","21:22:33","0"
"Listones De Personajes Para Realizar Moños O Decorar","Otras Categorías","80","09/23/08","00:06:57","0"
"Llavero Personalizado 15 Piezas Mas Regalo","Otras Categorías","95","06/06/12","19:59:36","1"
"Centros De Mesa Infantiles Mickey Mouse Fiestas","Otras Categorías","80","06/17/00","05:52:47","0"
"10 Loncheras Bolsitas Dulceros Personalizados,piñata,fiesta","Otras Categorías","200","11/20/09","14:18:02","0"
"Super Kit Imprimible Enredados Rapunzel 3 En 1 Cumple¿","Otras Categorías","120","03/30/02","15:51:59","0"
"Kit Imprimible 100% Editable Frozen Elsa Anna Olaf Y Mas","Otras Categorías","100","11/26/14","19:15:26","1"
"50 Abanicos Blancos,boda,bautizo,recuerdo,xv Años Vv4","Otras Categorías","275","05/31/07","21:18:35","1"
"10 Lonchera Tubular Personalizada Dulcero Bolo Fiesta Piñata","Otras Categorías","175","07/28/00","04:39:57","0"
"Aluma Wallet Como Lo Viste En Tv. Aprovecha Haz Negocio!!","Ropa, Bolsas y Calzado","90","07/31/11","13:57:53","1"
"Camisa Slim Fit Corte Pegado Manga Corta Colores Lisos Moda","Ropa, Bolsas y Calzado","199","06/04/06","21:44:15","0"
"Mancuernillas Logia Masonica Masones Plata Y Dorados Blanc","Ropa, Bolsas y Calzado","145","12/26/10","18:16:32","0"
"Baby Doll, Lenceria Disfraz Liguero Corset Y Mas","Ropa, Bolsas y Calzado","150","10/12/03","05:56:56","1"
"Mancuernillas Estetoscopio Doctor Medico Camisa Traje Acero","Ropa, Bolsas y Calzado","299","09/06/14","00:48:43","1"
"Victoria's Secret Coordinados Set Juegos De Bra + Panty","Ropa, Bolsas y Calzado","590","06/27/05","11:40:25","1"
"Cartera Adidas M67857","Ropa, Bolsas y Calzado","229","12/15/13","07:33:43","1"
"Toms/ Alpargatas Para Caballero","Ropa, Bolsas y Calzado","280","05/07/10","21:43:10","0"
"Vestidos Largos Hindues Remato Lote","Ropa, Bolsas y Calzado","1500","12/02/11","00:00:03","1"
"Ray Ban Aviator Rb3025 001/3f Azul Difuminado Armazon Dorado","Ropa, Bolsas y Calzado","1400","12/07/11","11:32:31","1"
"Pupilentes Big Eye Circle Lenses & Diamonds $169","Ropa, Bolsas y Calzado","169","06/16/05","20:07:21","1"
"Lentes Deportivos Sport Polarized Wolf Bike - Envio Gratis","Ropa, Bolsas y Calzado","649","03/01/05","06:38:06","0"
"Ray Ban Estuche Para Lentes","Ropa, Bolsas y Calzado","200","09/21/01","02:38:19","1"
"Sudadera De Batman Con Gorro Original Dc Comics Vmj","Ropa, Bolsas y Calzado","400","08/31/02","04:30:12","0"
"Vestidos, Blazers, Sudaderas, Sweaters Moda Asiatica Koreana","Ropa, Bolsas y Calzado","199","06/26/02","17:12:40","0"
"Totoro Bolsa Cosplay De 25 Cm Bordada Cuadrada Afelpadita","Ropa, Bolsas y Calzado","230","09/12/09","21:58:16","0"
"Elegante  Vestido  Largo  En Rosa Envio Inmediato","Ropa, Bolsas y Calzado","530","06/28/04","01:24:20","1"
"Playeras Buga Cavernicola Geek Gamers Star Wars Nintendo","Ropa, Bolsas y Calzado","150","01/18/09","03:09:08","1"
"Paleta 252 Sombras Maquillaje Calidad Mac Uso Profesional","Salud y Belleza","390","09/11/07","00:42:03","1"
"Extensiones De Cabello 100% Natural Top Hair Oferta Limitada","Salud y Belleza","490","06/08/03","06:13:43","1"
"Lote De 12  Balsamos Para Labios Eos Lip Balm  100% Original","Salud y Belleza","650","08/26/10","21:48:42","1"
"Maquillaje Para Contorno De Rostro City Color Contour Effect","Salud y Belleza","88","04/04/12","14:53:23","0"
"16 Extensiones De Cabello Natural Con Clips. Envio Gratis","Salud y Belleza","499","07/24/03","13:43:26","0"
"Maquina Wahl Corte De Cabello 15 Piezas Profesional","Salud y Belleza","525","09/20/02","19:00:42","1"
"Waflera Rizadora Revlon Ceramica 3 Barriles Tourmaline Ceram","Salud y Belleza","385","03/26/10","23:32:57","1"
"Moroccanoil Kit Shampoo Acondicionar Con Obsequio","Salud y Belleza","679","10/17/14","06:28:58","1"
"Plancha Nano Titanium 450 °f","Salud y Belleza","499.99","11/12/12","17:05:14","0"
"Faja Colombiana Short Strapless Marca Kisha  Envio Gratis!!!","Salud y Belleza","1499","07/23/02","07:33:59","0"
"Dos Peines Originales Liceguard - Adiós Piojos Y Liendres","Salud y Belleza","170","02/23/04","18:46:15","0"
"Lentes De Protección Para Usuarios Ipl","Salud y Belleza","590","10/28/01","19:16:05","0"
"Esmaltes Metalicos Caja 24 Piezas","Salud y Belleza","260","02/18/01","22:49:00","0"
"Extensiones De Cabello Naturales Lacias Remy 24 Pulgadas","Salud y Belleza","699","02/04/07","22:42:38","1"
"Fragancia Double Nature Jafra Crazy , Sexy (diablito)","Salud y Belleza","149","11/26/14","13:33:26","0"
"Rasuradora Switchblade 2 En 1 Microtouch Portatil","Salud y Belleza","299","05/04/03","00:04:06","1"
"32 Brochas Profesionales Pelo  Pony-cabra  1ra Calidad","Salud y Belleza","330","02/07/02","04:50:46","1"
"Paleta 180 Colores ** M A C **  Super Pigmentados","Salud y Belleza","899","02/11/12","11:01:52","0"
"Set Cuba 4x35ml - Varios Modelos - Apoyamos Tu Negocio","Salud y Belleza","210","09/20/02","15:55:57","0"
"Colchón Presión Alterna Antillagas Envio Gratis Todo México.","Salud y Belleza","1290","09/21/13","23:28:19","1"
